student_number,name,password
S10001,Richard Johnson,pass1
S10002,Sarah Harris,pass2
S10003,David Taylor,pass3
S10004,Sarah Miller,pass4
S10005,John Johnson,pass5
S10006,Jennifer Jones,pass6
S10007,Karen Brown,pass7
S10008,Thomas Thomas,pass8
S10009,Charles Anderson,pass9
S10010,Thomas Taylor,pass10
S10011,Susan Taylor,pass11
S10012,Robert Martin,pass12
S10013,Sarah Harris,pass13
S10014,Patricia Smith,pass14
S10015,Karen White,pass15
S10016,Susan Thompson,pass16
S10017,Joseph Miller,pass17
S10018,Richard Miller,pass18
S10019,Karen Brown,pass19
S10020,Elizabeth Jackson,pass20
S10021,Patricia Jackson,pass21
S10022,Robert Garcia,pass22
S10023,James Roberts,pass23
S10024,Richard Roberts,pass24
S10025,Elizabeth Martin,pass25
S10026,Robert Harris,pass26
S10027,Richard Johnson,pass27
S10028,Karen Johnson,pass28
S10029,Jessica Thomas,pass29
S10030,Sarah Miller,pass30
S10031,William White,pass31
S10032,Michael Williams,pass32
S10033,Sarah Martin,pass33
S10034,Jennifer Martin,pass34
S10035,Linda Thomas,pass35
S10036,Charles Smith,pass36
S10037,David Moore,pass37
S10038,Richard Jackson,pass38
S10039,Richard Thompson,pass39
S10040,Sarah Anderson,pass40
S10041,Elizabeth Jackson,pass41
S10042,Barbara Williams,pass42
S10043,Michael Anderson,pass43
S10044,Thomas Brown,pass44
S10045,Thomas White,pass45
S10046,John Garcia,pass46
S10047,Karen Williams,pass47
S10048,Michael Taylor,pass48
S10049,Linda Thomas,pass49
S10050,Elizabeth Davis,pass50
S10051,Karen Wilson,pass51
S10052,Karen Brown,pass52
S10053,Susan Garcia,pass53
S10054,Susan Roberts,pass54
S10055,James Martinez,pass55
S10056,Mary Moore,pass56
S10057,James Taylor,pass57
S10058,Joseph Davis,pass58
S10059,Jennifer Johnson,pass59
S10060,David Johnson,pass60
S10061,William Miller,pass61
S10062,Susan Thompson,pass62
S10063,Sarah Harris,pass63
S10064,Richard Jackson,pass64
S10065,Charles Miller,pass65
S10066,Joseph Anderson,pass66
S10067,Charles Johnson,pass67
S10068,Barbara Martin,pass68
S10069,William Martin,pass69
S10070,Elizabeth Moore,pass70
S10071,Susan Thompson,pass71
S10072,David Harris,pass72
S10073,Robert Thompson,pass73
S10074,David Smith,pass74
S10075,Richard Harris,pass75
S10076,Linda Miller,pass76
S10077,Elizabeth White,pass77
S10078,John Williams,pass78
S10079,Linda Martinez,pass79
S10080,James Jones,pass80
S10081,Michael Jones,pass81
S10082,Jessica Smith,pass82
S10083,Patricia Miller,pass83
S10084,Thomas Smith,pass84
S10085,Linda Jackson,pass85
S10086,Mary Johnson,pass86
S10087,Charles Martin,pass87
S10088,John Martin,pass88
S10089,Charles Williams,pass89
S10090,Thomas Miller,pass90
S10091,Patricia Miller,pass91
S10092,Elizabeth Davis,pass92
S10093,Patricia Thompson,pass93
S10094,David Roberts,pass94
S10095,Mary Smith,pass95
S10096,Thomas Moore,pass96
S10097,David Taylor,pass97
S10098,Barbara Harris,pass98
S10099,David Martinez,pass99
S10100,Robert Roberts,pass100
S10101,David Jones,pass101
S10102,Susan Thomas,pass102
S10103,Robert Thompson,pass103
S10104,Karen White,pass104
S10105,Patricia Jackson,pass105
S10106,Richard Thompson,pass106
S10107,Elizabeth White,pass107
S10108,Susan Brown,pass108
S10109,Barbara Jones,pass109
S10110,Robert Thomas,pass110
S10111,Joseph Jones,pass111
S10112,Jessica Thomas,pass112
S10113,David Taylor,pass113
S10114,Joseph Davis,pass114
S10115,William Smith,pass115
S10116,James Jackson,pass116
S10117,Richard Garcia,pass117
S10118,John Thompson,pass118
S10119,Michael Moore,pass119
S10120,Jessica Jones,pass120
S10121,Jennifer Miller,pass121
S10122,Sarah Jones,pass122
S10123,Charles Taylor,pass123
S10124,Elizabeth Johnson,pass124
S10125,Susan Williams,pass125
S10126,Linda Jackson,pass126
S10127,Thomas Harris,pass127
S10128,Linda Thomas,pass128
S10129,Joseph Johnson,pass129
S10130,Richard Martinez,pass130
S10131,John Thompson,pass131
S10132,Patricia Harris,pass132
S10133,Michael White,pass133
S10134,Sarah Anderson,pass134
S10135,Patricia Thomas,pass135
S10136,Jennifer Thompson,pass136
S10137,Mary Garcia,pass137
S10138,Thomas Brown,pass138
S10139,Linda Davis,pass139
S10140,Charles Jackson,pass140
S10141,Sarah White,pass141
S10142,Michael Martinez,pass142
S10143,Jessica Jackson,pass143
S10144,Mary Taylor,pass144
S10145,Jennifer Williams,pass145
S10146,Sarah Wilson,pass146
S10147,Barbara Martin,pass147
S10148,William Jackson,pass148
S10149,William Jones,pass149
S10150,Mary Roberts,pass150
S10151,Robert Martin,pass151
S10152,Charles Anderson,pass152
S10153,James Anderson,pass153
S10154,Barbara Jones,pass154
S10155,Sarah Garcia,pass155
S10156,Mary Anderson,pass156
S10157,Robert Smith,pass157
S10158,Sarah White,pass158
S10159,Jessica Garcia,pass159
S10160,Jessica White,pass160
S10161,David Garcia,pass161
S10162,Elizabeth Roberts,pass162
S10163,Elizabeth Thompson,pass163
S10164,James Brown,pass164
S10165,Elizabeth Harris,pass165
S10166,Jennifer Brown,pass166
S10167,Michael Martinez,pass167
S10168,Barbara Garcia,pass168
S10169,Elizabeth Thomas,pass169
S10170,Barbara Miller,pass170
S10171,Sarah Garcia,pass171
S10172,Linda White,pass172
S10173,Michael Miller,pass173
S10174,James Taylor,pass174
S10175,Michael Jackson,pass175
S10176,Jennifer Moore,pass176
S10177,David Taylor,pass177
S10178,Thomas Taylor,pass178
S10179,Sarah Harris,pass179
S10180,Karen Johnson,pass180
S10181,Mary Garcia,pass181
S10182,Joseph Jackson,pass182
S10183,Jessica Martinez,pass183
S10184,Richard Taylor,pass184
S10185,Sarah Anderson,pass185
S10186,Richard Johnson,pass186
S10187,Richard Thompson,pass187
S10188,Jessica Wilson,pass188
S10189,Michael Moore,pass189
S10190,Patricia Williams,pass190
S10191,Elizabeth Taylor,pass191
S10192,Linda Taylor,pass192
S10193,David Williams,pass193
S10194,Sarah Johnson,pass194
S10195,Elizabeth Moore,pass195
S10196,Patricia Harris,pass196
S10197,James Smith,pass197
S10198,Jessica Thompson,pass198
S10199,Charles Taylor,pass199
S10200,Charles Williams,pass200
S10201,Karen White,pass201
S10202,Patricia Harris,pass202
S10203,Susan Wilson,pass203
S10204,William Taylor,pass204
S10205,Michael Thompson,pass205
S10206,Mary Miller,pass206
S10207,Charles Martin,pass207
S10208,Elizabeth Williams,pass208
S10209,Patricia Brown,pass209
S10210,Michael Williams,pass210
S10211,Patricia Miller,pass211
S10212,Mary Miller,pass212
S10213,Susan Wilson,pass213
S10214,Jessica Williams,pass214
S10215,Sarah Anderson,pass215
S10216,Michael Harris,pass216
S10217,David Wilson,pass217
S10218,William Wilson,pass218
S10219,Robert Williams,pass219
S10220,William Moore,pass220
S10221,Sarah White,pass221
S10222,Patricia Garcia,pass222
S10223,Sarah Anderson,pass223
S10224,Susan Taylor,pass224
S10225,Charles Thomas,pass225
S10226,James Martinez,pass226
S10227,Mary Moore,pass227
S10228,Charles Harris,pass228
S10229,Michael Roberts,pass229
S10230,Barbara Anderson,pass230
S10231,Barbara Davis,pass231
S10232,Michael Davis,pass232
S10233,Elizabeth Johnson,pass233
S10234,Mary Anderson,pass234
S10235,Mary Martinez,pass235
S10236,Mary Jackson,pass236
S10237,Joseph Martin,pass237
S10238,Michael Martinez,pass238
S10239,Jennifer Miller,pass239
S10240,Susan Brown,pass240
S10241,Barbara Roberts,pass241
S10242,Michael Taylor,pass242
S10243,William Martinez,pass243
S10244,David Moore,pass244
S10245,Barbara Davis,pass245
S10246,Jennifer Anderson,pass246
S10247,John Anderson,pass247
S10248,Jennifer Martinez,pass248
S10249,Mary Miller,pass249
S10250,Robert Martin,pass250
S10251,Susan Martin,pass251
S10252,Susan Davis,pass252
S10253,Barbara Johnson,pass253
S10254,Charles White,pass254
S10255,William Moore,pass255
S10256,Patricia Wilson,pass256
S10257,Karen Jackson,pass257
S10258,Linda Martinez,pass258
S10259,Patricia Jackson,pass259
S10260,Susan Anderson,pass260
S10261,James Anderson,pass261
S10262,James Martinez,pass262
S10263,Mary Harris,pass263
S10264,Jennifer Thompson,pass264
S10265,Mary Brown,pass265
S10266,David Smith,pass266
S10267,Elizabeth Martinez,pass267
S10268,Jessica Thomas,pass268
S10269,Susan Moore,pass269
S10270,Linda Jackson,pass270
S10271,Michael Roberts,pass271
S10272,Elizabeth Williams,pass272
S10273,Barbara Thomas,pass273
S10274,Mary White,pass274
S10275,James Wilson,pass275
S10276,Jessica Wilson,pass276
S10277,James Taylor,pass277
S10278,Jennifer Thomas,pass278
S10279,William Thomas,pass279
S10280,James Brown,pass280
S10281,Susan Thompson,pass281
S10282,Susan Brown,pass282
S10283,William Moore,pass283
S10284,Jennifer Moore,pass284
S10285,Joseph Wilson,pass285
S10286,Sarah Jones,pass286
S10287,Jessica Johnson,pass287
S10288,Richard Wilson,pass288
S10289,Linda Davis,pass289
S10290,Sarah Thompson,pass290
S10291,Linda Garcia,pass291
S10292,Susan Martinez,pass292
S10293,Elizabeth Williams,pass293
S10294,Sarah Wilson,pass294
S10295,John Roberts,pass295
S10296,Jessica Johnson,pass296
S10297,David Garcia,pass297
S10298,Richard Taylor,pass298
S10299,Patricia Jones,pass299
S10300,David Jones,pass300
S10301,James Garcia,pass301
S10302,James Garcia,pass302
S10303,Elizabeth Taylor,pass303
S10304,Elizabeth Miller,pass304
S10305,James Brown,pass305
S10306,Jessica Thompson,pass306
S10307,Robert Garcia,pass307
S10308,Susan Garcia,pass308
S10309,Joseph Williams,pass309
S10310,Elizabeth Thompson,pass310
S10311,John Anderson,pass311
S10312,Sarah Harris,pass312
S10313,Charles Brown,pass313
S10314,Sarah Harris,pass314
S10315,Elizabeth Miller,pass315
S10316,Mary Davis,pass316
S10317,Joseph Brown,pass317
S10318,Elizabeth Harris,pass318
S10319,Linda Garcia,pass319
S10320,John Williams,pass320
S10321,Thomas Thomas,pass321
S10322,Joseph White,pass322
S10323,William Miller,pass323
S10324,Barbara Harris,pass324
S10325,David Harris,pass325
S10326,Elizabeth Martin,pass326
S10327,Karen Jones,pass327
S10328,Charles Brown,pass328
S10329,Thomas Martin,pass329
S10330,Karen Roberts,pass330
S10331,Linda Miller,pass331
S10332,John Brown,pass332
S10333,Robert Miller,pass333
S10334,David Anderson,pass334
S10335,Robert Anderson,pass335
S10336,William White,pass336
S10337,Jennifer Johnson,pass337
S10338,Sarah Brown,pass338
S10339,Jennifer Harris,pass339
S10340,Jennifer Garcia,pass340
S10341,John Smith,pass341
S10342,Karen Jackson,pass342
S10343,Karen Jackson,pass343
S10344,Jessica Johnson,pass344
S10345,Karen Smith,pass345
S10346,Karen Moore,pass346
S10347,Richard White,pass347
S10348,Karen Thomas,pass348
S10349,Linda Brown,pass349
S10350,Jessica Miller,pass350
S10351,Sarah Williams,pass351
S10352,Elizabeth Martin,pass352
S10353,Thomas White,pass353
S10354,Richard Miller,pass354
S10355,Joseph Jones,pass355
S10356,Michael Garcia,pass356
S10357,Susan Jackson,pass357
S10358,Linda Thompson,pass358
S10359,Joseph Harris,pass359
S10360,Mary Anderson,pass360
S10361,David Thomas,pass361
S10362,Mary Jones,pass362
S10363,Joseph Brown,pass363
S10364,William Roberts,pass364
S10365,David Garcia,pass365
S10366,Mary Roberts,pass366
S10367,Mary Johnson,pass367
S10368,James Miller,pass368
S10369,Charles Miller,pass369
S10370,Karen Williams,pass370
S10371,William Martin,pass371
S10372,Karen Johnson,pass372
S10373,Susan Martin,pass373
S10374,Jessica Davis,pass374
S10375,Linda White,pass375
S10376,Susan Smith,pass376
S10377,Sarah Jackson,pass377
S10378,John Thompson,pass378
S10379,Linda Davis,pass379
S10380,John Jackson,pass380
S10381,Karen Martinez,pass381
S10382,Jennifer Smith,pass382
S10383,Elizabeth Moore,pass383
S10384,Sarah Martin,pass384
S10385,Barbara Martin,pass385
S10386,John Martin,pass386
S10387,Patricia Roberts,pass387
S10388,William Thompson,pass388
S10389,Jennifer White,pass389
S10390,Jennifer Moore,pass390
S10391,Thomas Garcia,pass391
S10392,Barbara Martin,pass392
S10393,David Williams,pass393
S10394,Thomas Johnson,pass394
S10395,Linda Martin,pass395
S10396,Thomas Davis,pass396
S10397,John Martin,pass397
S10398,Susan Davis,pass398
S10399,Richard Harris,pass399
S10400,Linda Jackson,pass400
S10401,William Harris,pass401
S10402,Charles Wilson,pass402
S10403,Sarah Anderson,pass403
S10404,William Martinez,pass404
S10405,Michael Taylor,pass405
S10406,Linda Wilson,pass406
S10407,Elizabeth Jackson,pass407
S10408,Michael White,pass408
S10409,Sarah Miller,pass409
S10410,Sarah Harris,pass410
S10411,James Thomas,pass411
S10412,Linda Harris,pass412
S10413,Robert White,pass413
S10414,Richard Johnson,pass414
S10415,Elizabeth Miller,pass415
S10416,William Martin,pass416
S10417,Susan Jones,pass417
S10418,Linda Thomas,pass418
S10419,Susan Wilson,pass419
S10420,Karen Moore,pass420
S10421,Michael Taylor,pass421
S10422,James Harris,pass422
S10423,Patricia Thomas,pass423
S10424,Barbara Harris,pass424
S10425,Linda Thompson,pass425
S10426,Robert Martinez,pass426
S10427,Richard Thompson,pass427
S10428,Patricia Martinez,pass428
S10429,Mary Jones,pass429
S10430,Joseph White,pass430
S10431,Robert Harris,pass431
S10432,Charles Martin,pass432
S10433,Michael Brown,pass433
S10434,Barbara Wilson,pass434
S10435,Michael Smith,pass435
S10436,Susan Williams,pass436
S10437,Thomas Martin,pass437
S10438,James Jackson,pass438
S10439,Susan Thomas,pass439
S10440,Robert Miller,pass440
S10441,William Brown,pass441
S10442,Joseph Johnson,pass442
S10443,David Thomas,pass443
S10444,Robert Roberts,pass444
S10445,John Moore,pass445
S10446,Charles Thomas,pass446
S10447,Charles Taylor,pass447
S10448,James Garcia,pass448
S10449,Michael Martinez,pass449
S10450,Elizabeth Martin,pass450
S10451,Richard Roberts,pass451
S10452,Jessica Roberts,pass452
S10453,Robert Moore,pass453
S10454,William White,pass454
S10455,Mary Smith,pass455
S10456,John Wilson,pass456
S10457,Robert Jones,pass457
S10458,Robert Martinez,pass458
S10459,Jennifer Wilson,pass459
S10460,Jessica Smith,pass460
S10461,Jennifer Taylor,pass461
S10462,Mary Davis,pass462
S10463,John Martin,pass463
S10464,Patricia Moore,pass464
S10465,Robert Davis,pass465
S10466,Michael Thomas,pass466
S10467,Patricia Roberts,pass467
S10468,Richard Harris,pass468
S10469,Karen Thomas,pass469
S10470,Thomas Roberts,pass470
S10471,Sarah Harris,pass471
S10472,Karen Harris,pass472
S10473,Charles Anderson,pass473
S10474,James Jackson,pass474
S10475,Jennifer Brown,pass475
S10476,David Jackson,pass476
S10477,Elizabeth Brown,pass477
S10478,William Roberts,pass478
S10479,David Smith,pass479
S10480,Patricia Brown,pass480
S10481,Barbara White,pass481
S10482,Jennifer Brown,pass482
S10483,Patricia Martin,pass483
S10484,Barbara Roberts,pass484
S10485,Barbara Thomas,pass485
S10486,Barbara Martinez,pass486
S10487,John Taylor,pass487
S10488,Elizabeth Moore,pass488
S10489,Jennifer Anderson,pass489
S10490,Joseph Miller,pass490
S10491,Linda Johnson,pass491
S10492,Michael Martin,pass492
S10493,Linda Moore,pass493
S10494,Robert Thomas,pass494
S10495,Patricia Anderson,pass495
S10496,Charles Garcia,pass496
S10497,Karen White,pass497
S10498,Jennifer Miller,pass498
S10499,Joseph Anderson,pass499
S10500,William Thompson,pass500
